﻿Designator,Footprint,Quantity,Value,LCSC Part #
C1,0805,1,10u,
"C2, C3, C4, C5",0603,4,100n,
C6,0603,1,10n,
C7,0603,1,1u,
C8,0603,1,0.1u,
"D1, D2, D3",0805,3,LED,
"H1_4, H1_3, H1_2, H1",MountingHole_2.7mm_M2.5,4,M2.5,
J1,JST_EH_B4B-EH-A_1x04_P2.50mm_Vertical,1,Conn_01x04_Pin,
J3,PinHeader_2x07_P1.27mm_Vertical_SMD,1,Conn_ST_STDC14,
JP1,SolderJumper-2_P1.3mm_Open_RoundedPad1.0x1.5mm,1,Jumper_2_Open,
"R1, R2, R3",0603,3,330,
"R4_2, R4, R5",0603,3,10k,
SW1,SW_SPST_B3U-1000P-B,1,SW_Push,
U1,LQFP-48_7x7mm_P0.5mm,1,STM32F103C8Tx,
U2,nRF24L01_Breakout,1,NRF24L01_Breakout,
Y1,Resonator_SMD_Murata_CSTxExxV-3Pin_3.0x1.1mm,1,8M,
